id;nev;latin;statusz;csoport;osshonos;vedett;invaziv;tilalmi_ido_2026;meret;napi_mennyiseg;fo_belyegek;osszetevesztheto;megkulonboztetes;elohely;kep_utasitas;kep_statusz;azonositasi_biztonsag
balin;Balin;Aspius aspius;fogható_korlátozott;ragadozó;True;False;False;III. 2. – IV. 30.;legalább 40 cm;3 db;nyúlánk, ezüstös ragadozó pontyféle | nagy, felső állású száj | alsó állkapocs kissé előreugró | nincs fogas ragadozó-szerű hátúszó | erős, villás farokúszó;Domolykó | Jászkeszeg | Nagy küsz;"A balin szája nagyobb és felsőbb állású; teste nyúlánkabb, ragadozó életmódhoz alkalmazkodott.";Nagyobb folyók és tavak nyílt vizei, felszíni rablások környéke.;Ezüstös balin oldalnézetben, nyílt vízben, nagy felső állású szájjal és villás farokkal. Ne legyen felirat.;nincs_ellenorzott_kep;v2_alap
compo;Compó;Tinca tinca;fogható_korlátozott;békés;True;False;False;V. 4. – VI. 15.;legalább 25 cm;3 db;zömök, nyálkás test | apró pikkelyek | olajzöld-bronzos szín | lekerekített úszók | apró bajuszszál a szájzugban;Ponty | Kárász;"A compó olajzöld, apró pikkelyű és lekerekített úszójú; a ponty erősebb bajszú és más testarányú.";Iszapos, növényes állóvizek, holtágak.;Bronzos-zöld compó növényes, iszapos vízben, oldalnézetben, lekerekített úszókkal. Ne legyen felirat.;nincs_ellenorzott_kep;v2_alap
csuka;Csuka;Esox lucius;fogható_korlátozott;ragadozó;True;False;False;II. 2. – III. 31.;legalább 40 cm;3 db;hosszú torpedó alakú test | kacsacsőrszerű lapos fej | nagy száj, sok fog | zöldes alapszín világos foltokkal | hátúszó nagyon hátul, a farok közelében;Muskellunge nincs hazai természetes horgászati listában | Fiatal harcsa csak nagyon távolról;A csuka fejformája és hátra tolódott hátúszója nagyon jellegzetes.;Növényes állóvizek, holtágak, folyók szegélyzónái.;Realisztikus csuka természetes víz alatti növényzet közelében, oldalnézetben, lapos fej és hátratolt hátúszó jól látható. Ne legyen felirat.;nincs_ellenorzott_kep;v2_alap
domolyko;Fejes domolykó / domolykó;Squalius cephalus;fogható_korlátozott;békés;True;False;False;IV. 15. – V. 29.;legalább 25 cm;3 kg;erős, hengeres test | nagy fej | nagy, terminális száj | nagy pikkelyek | szürkés-ezüstös oldal, sötétebb hát;Jászkeszeg | Balin | Márna;"A domolykó feje nagyobb és szája szélesebb, mint a jászkeszegé; nincs bajusza, így nem márna.";Patakok, folyók, hídpillér, bokros partszegélyek.;Domolykó természetes folyóvízben, oldalnézetben, nagy fejjel és nagy pikkelyekkel. Ne legyen felirat.;nincs_ellenorzott_kep;v2_alap
fogassullo;Fogassüllő / süllő;Sander lucioperca;fogható_korlátozott;ragadozó;True;False;False;III. 2. – IV. 30.;legalább 30 cm;3 db;nyúlánk ragadozó test | nagy száj, erős állkapocs | két jól elkülönülő hátúszó | oldalán halványabb, nem túl erős függőleges sávok | szürkés-zöldes hát, világosabb oldal;Kősüllő | Sügér | Vágó durbincs;"A kősüllő általában kisebb, erősebben sávos, tömörebb testű; a sügér magasabb testű és narancsosabb úszójú; a vágó durbincs jóval kisebb és tömzsibb.";Nagyobb tavak, folyók, kövezések, mélyebb törések.;Természetes víz alatti környezetben, oldalnézetben. Két hátúszó jól látszódjon, nagy ragadozó szájjal, halvány oldalcsíkokkal. Ne legyen felirat.;nincs_ellenorzott_kep;v2_alap
garda;Garda;Pelecus cultratus;fogható_korlátozott;békés;True;False;False;IV. 15. – V. 29.;legalább 20 cm;3 kg;nagyon oldalról lapított, késszerű test | ezüstös szín | felső állású száj | hasél erősen ívelt | nyílt vízi rajhal;Küsz | Balin fiatal példánya;"A garda teste késszerűen lapított és magas hasélű; a küsz sokkal kisebb és kevésbé magas testű.";Nagy tavak, folyók nyílt vízi részei.;Garda oldalnézetben nyílt vízben, késszerűen lapított ezüstös testtel. Ne legyen felirat.;nincs_ellenorzott_kep;v2_alap
harcsa;Harcsa;Silurus glanis;fogható_korlátozott;ragadozó;True;False;False;V. 4. – VI. 15.;legalább 60 cm;3 db;nagyon nagyra növő, pikkelytelen test | széles lapos fej | hosszú bajuszszálak | apró szem | hosszú farokalatti úszó;Törpeharcsa | Fekete törpeharcsa;"A harcsa jóval nagyobbra nő, teste hosszabb és pikkelytelen; a törpeharcsák kisebbek, zömökebbek, tüskés mellúszóval.";Nagy folyók, mély gödrök, tavak akadós, mély részei.;Nagy európai harcsa természetes, kissé zavaros vízben, bajuszszálakkal, oldalnézetben. Ne legyen felirat.;nincs_ellenorzott_kep;v2_alap
jaszkeszeg;Jászkeszeg;Leuciscus idus;fogható_korlátozott;békés;True;False;False;IV. 15. – V. 29.;legalább 20 cm;3 kg;ezüstös, oldalról mérsékelten lapított test | kisebb fej, mint a domolykóé | narancsos-vöröses alsó úszók | terminális vagy enyhén felső állású száj;Bodorka | Vörösszárnyú keszeg | Domolykó;"A jászkeszeg teste nyúlánkabb, mint a bodorkáé; szája és fejformája más, mint a domolykóé.";Folyók, holtágak, nagyobb állóvizek.;Jászkeszeg oldalnézetben, ezüstös testtel és narancsos alsó úszókkal. Ne legyen felirat.;nincs_ellenorzott_kep;v2_alap
kosullo;Kősüllő;Sander volgensis;fogható_korlátozott;ragadozó;True;False;False;III. 2. – VI. 30.;legalább 25 cm;3 db;karcsúbb, kisebb termetű süllőféle | erősebben látható függőleges sávok | két hátúszó | ragadozó fej, de a fogassüllőnél kisebb arányú;Fogassüllő / süllő | Sügér;"A fogassüllő általában nagyobb, nyúlánkabb és kevésbé kontrasztosan sávos; a kősüllő mintázata erősebb.";Folyók, kövezések, tavak keményebb aljzatú részei.;Oldalnézetes, realisztikus kősüllő erősebb függőleges sávokkal, két hátúszóval. Ne legyen felirat.;nincs_ellenorzott_kep;v2_alap
menyhal;Menyhal;Lota lota;fogható_korlátozott;ragadozó;True;False;False;nincs fajlagos tilalom;legalább 25 cm;3 kg;megnyúlt test | egy áll alatti bajuszszál | márványszerű barna mintázat | hosszú hát- és farokalatti úszó | tőkehalfélékre emlékeztető alkat;Harcsa fiatal példánya | Angolna;"A menyhalnak egy áll alatti bajusza van és márványozott teste; az angolna kígyószerűbb, a harcsa több bajuszszálú.";Hidegebb, oxigéndús folyóvizek, kövezések, mélyebb részek.;Menyhal kavicsos-köves folyómeder közelében, oldalnézetben, áll alatti bajuszszállal. Ne legyen felirat.;nincs_ellenorzott_kep;v2_alap
marna;Márna;Barbus barbus;fogható_korlátozott;békés;True;False;False;IV. 15. – V. 29.;legalább 40 cm;3 db;hengeres, nyúlánk test | alsó állású száj | négy bajuszszál | nagy pikkelyek | erős, folyóvízi alkat;Petényi márna | Paduc | Domolykó;"A márnának négy bajuszszála és alsó állású szája van; a paducnak nincs bajusza, a domolykónak terminális szája van.";Gyorsabb folyók, kavicsos meder.;Márna természetes folyóvízi mederben, oldalnézetben, négy bajuszszál és alsó állású száj jól látszódjon. Ne legyen felirat.;nincs_ellenorzott_kep;v2_alap
paduc;Paduc;Chondrostoma nasus;fogható_korlátozott;békés;True;False;False;IV. 15. – V. 29.;legalább 20 cm;3 kg;nyúlánk, ezüstös test | jellegzetes előreugró orr | alsó állású, egyenes kaparó száj | nincs bajuszszál | gyakran narancsos alsó úszók;Márna | Jászkeszeg | Domolykó;"A paducnak nincs bajusza, szája egyenes, alsó állású kaparó száj; a márna bajuszos.";Gyorsabb, oxigéndús folyószakaszok.;Paduc oldalnézetben tiszta folyóvízben, előreugró orr és alsó kaparó száj jól látszódjon. Ne legyen felirat.;nincs_ellenorzott_kep;v2_alap
ponty;Ponty;Cyprinus carpio;fogható_korlátozott;békés;True;False;False;V. 4. – V. 29.;legalább 30 cm;3 db;magasabb, erős test | előrenyújtható száj | két pár bajuszszál | aranyos-barnás pikkelyezet vagy pikkelyhiányos tenyészváltozat | hosszú hátúszó;Kárász | Ezüstkárász | Compó;"A pontynak bajuszszálai vannak; a kárászoknak nincsenek.";Tavak, holtágak, lassú folyók, horgásztavak.;Realisztikus ponty természetes iszapos/növényes vízben, bajuszszál és hosszú hátúszó jól látszódjon. Ne legyen felirat.;nincs_ellenorzott_kep;v2_alap
sebes_pisztrang;Sebes pisztráng;Salmo trutta fario;fogható_korlátozott;ragadozó;True;False;False;X. 1. – 2027. III. 31.;legalább 22 cm;3 db;áramvonalas pisztrángtest | zsírúszó | világos udvarú fekete és piros pöttyök | hidegvízi patakhal | erős faroknyél;Szivárványos pisztráng | Pataki szajbling;"A sebes pisztrángon piros pöttyök és jellegzetes barna-aranyos alapszín látható; a szivárványoson rózsaszínes oldalcsík jellemző.";Hideg, oxigéndús patakok, hegyvidéki vizek.;Sebes pisztráng tiszta patakvízben, piros és fekete pöttyökkel, zsírúszóval. Ne legyen felirat.;nincs_ellenorzott_kep;v2_alap
szilvaorru_keszeg;Szilvaorrú keszeg;Vimba vimba;fogható_korlátozott;békés;True;False;False;IV. 15. – V. 29.;legalább 20 cm;3 kg;megnyúlt, oldalról lapított test | hosszabb, lefelé hajló orr | alsó állású száj | ezüstös oldal | folyóvízi testalkat;Paduc | Dévérkeszeg | Jászkeszeg;"A szilvaorrú keszeg orra és alsó állású szája jellegzetes; a paduc szája kaparó jellegűbb.";Folyók és áramló szakaszok.;Szilvaorrú keszeg oldalnézetben, lefelé hajló orral és alsó állású szájjal. Ne legyen felirat.;nincs_ellenorzott_kep;v2_alap
suger;Sügér / csapósügér;Perca fluviatilis;fogható_korlátozott;ragadozó;True;False;False;III. 2. – IV. 30.;legalább 15 cm;3 kg;magasabb, oldalról lapított test | zöldes-sárgás alapszín | erős sötét függőleges sávok | narancsos-vöröses alsó úszók | tüskés első hátúszó;Kősüllő | Vágó durbincs;"A sügér magasabb testű és élénkebb úszójú; a kősüllő nyúlánkabb; a vágó durbincs kisebb, foltosabb és tömzsi.";Tavak, csatornák, folyók, növényes és akadós részek.;Oldalnézetes sügér természetes vízben, sötét sávokkal és narancsos alsó úszókkal. Ne legyen felirat.;nincs_ellenorzott_kep;v2_alap
bagolykeszeg;Bagolykeszeg;Ballerus sapa;fogható_apróhal;békés;True;False;False;nincs fajlagos tilalom;nincs országos méretkorlát;általános tömeglimit / helyi szabály;folyóvízi keszegféle | alsóbb állású száj | ezüstös oldal | mélyebb nagy folyók;Laposkeszeg | Dévérkeszeg | Szilvaorrú keszeg;"Ritkább keszegféle; szájállás és testarány fontos.";Nagyobb folyók.;Név/felirat nélküli, realisztikus, természetes közegű, az azonosító bélyegeket jól mutató kép szükséges.;nincs_ellenorzott_kep;v2_alap_ellenőrzött
bodorka;Bodorka;Rutilus rutilus;fogható_apróhal;békés;True;False;False;nincs fajlagos tilalom;nincs országos méretkorlát;általános tömeglimit / helyi szabály;ezüstös test | vöröses szemgyűrű gyakori | vöröses alsó úszók | a hátúszó eredése nagyjából a hasúszó felett;Vörösszárnyú keszeg | Jászkeszeg;"A bodorka szája inkább végállású; a vörösszárnyú szája felfelé áll és hátúszója hátrébb kezdődik.";Tavak, csatornák, lassú folyók.;Bodorka oldalnézetben, vöröses szemmel és alsó úszókkal. Ne legyen felirat.;nincs_ellenorzott_kep;v2_alap
deverkeszeg;Dévérkeszeg;Abramis brama;fogható_apróhal;békés;True;False;False;nincs fajlagos tilalom;nincs országos méretkorlát;általános tömeglimit / helyi szabály;magas, oldalról lapított test | hosszú farokalatti úszó | kicsi fej | idősebb példányok bronzosabbak;Karikakeszeg | Laposkeszeg | Bagolykeszeg;"A dévér teste magasabb és a farokalatti úszója hosszú; karikakeszeg általában kisebb és más testarányú.";Tavak, folyók lassabb szakaszai, holtágak.;Dévérkeszeg oldalnézetben, magas lapított testtel és hosszú farokalatti úszóval. Ne legyen felirat.;nincs_ellenorzott_kep;v2_alap
folyami_geb;Folyami géb;Neogobius fluviatilis;fogható_apróhal;ragadozó;True;False;False;nincs fajlagos tilalom;nincs országos méretkorlát;általános tömeglimit / helyi szabály;fenéklakó gébféle | hasúszók tapadókoronggá nőttek | foltos barnás test;Tarka géb | Feketeszájú géb | Kessler-géb;"Gébeknél hasúszó, fejforma és mintázat fontos; védett tarka gébtől elkülönítendő.";Folyók partközeli aljzata.;Név/felirat nélküli, realisztikus, természetes közegű, az azonosító bélyegeket jól mutató kép szükséges.;nincs_ellenorzott_kep;v2_alap_ellenőrzött
karikakeszeg;Karikakeszeg;Blicca bjoerkna;fogható_apróhal;békés;True;False;False;nincs fajlagos tilalom;nincs országos méretkorlát;általános tömeglimit / helyi szabály;kisebb, magasabb testű keszeg | nagyobb szem a fejhez képest | páros úszók töve gyakran vörhenyes | farokalatti úszó rövidebb, mint a dévérnél;Dévérkeszeg | Laposkeszeg;A karikakeszeg szeme aránylag nagyobb és farokalatti úszója rövidebb.;Tavak, lassú folyók, csatornák.;Karikakeszeg oldalnézetben, magas testtel és nagyobb szemmel. Ne legyen felirat.;nincs_ellenorzott_kep;v2_alap
kusz;Küsz;Alburnus alburnus;fogható_apróhal;békés;True;False;False;nincs fajlagos tilalom;nincs országos méretkorlát;általános tömeglimit / helyi szabály;apró ezüstös rajhal | felső állású száj | könnyen hulló pikkely | felszíni vízréteg;Garda fiatal példánya | Állas küsz | Kurta baing;Gyakori apróhal, de védett küszfélékkel keverhető.;Folyók és tavak felső vízrétege.;Név/felirat nélküli, realisztikus, természetes közegű, az azonosító bélyegeket jól mutató kép szükséges.;nincs_ellenorzott_kep;v2_alap_ellenőrzött
laposkeszeg;Laposkeszeg;Ballerus ballerus;fogható_apróhal;békés;True;False;False;nincs fajlagos tilalom;nincs országos méretkorlát;általános tömeglimit / helyi szabály;oldalról lapított ezüstös keszeg | nyúlánkabb dévérnél | alsóbb állású száj;Dévérkeszeg | Bagolykeszeg | Karikakeszeg;Keszegféléknél testmagasság, szájállás és farokalatti úszó alapján különíthető el.;Nagyobb folyók, holtágak.;Név/felirat nélküli, realisztikus, természetes közegű, az azonosító bélyegeket jól mutató kép szükséges.;nincs_ellenorzott_kep;v2_alap_ellenőrzött
tuskes_piko;Tüskés pikó;Gasterosteus aculeatus;fogható_apróhal;ragadozó;True;False;False;nincs fajlagos tilalom;nincs országos méretkorlát;általános tömeglimit / helyi szabály;apró hal | hátán különálló tüskék | karcsú test | sekély vizek;Ivadékhalak | Szúnyogirtó fogasponty;A hát tüskéi jellegzetesek.;Sekély, növényes vizek.;Név/felirat nélküli, realisztikus, természetes közegű, az azonosító bélyegeket jól mutató kép szükséges.;nincs_ellenorzott_kep;v2_alap_ellenőrzött
vorosszarnyu_keszeg;Vörösszárnyú keszeg;Scardinius erythrophthalmus;fogható_apróhal;békés;True;False;False;nincs fajlagos tilalom;nincs országos méretkorlát;általános tömeglimit / helyi szabály;élénk vörös úszók | felső állású száj | aranyosabb oldal | hátúszó eredése a hasúszók mögött kezdődik;Bodorka | Jászkeszeg;A vörösszárnyú szája felfelé áll és hátúszója hátrébb indul, mint a bodorkáé.;Növényes tavak, csatornák, holtágak.;Vörösszárnyú keszeg természetes növényes vízben, élénk vörös úszókkal és felső állású szájjal. Ne legyen felirat.;nincs_ellenorzott_kep;v2_alap
amur;Amur;Ctenopharyngodon idella;nem_őshonos_helyi_szabály;békés;False;False;False;országosan nincs fajlagos tilalom;helyi szabály szerint;helyi szabály szerint;hosszú, torpedó alakú test | nagy pikkelyek sötét szegéllyel | nincs bajusz | széles fej, növényevő alkat;Balin | Domolykó | Ponty;Az amur pikkelyei nagyok és sötét szélűek, szája nem ragadozó jellegű, bajusza nincs.;Telepített tavak, lassú folyók, növényes vizek.;Amur természetes növényes vízben, hosszú testtel és nagy sötét szélű pikkelyekkel. Ne legyen felirat.;nincs_ellenorzott_kep;v2_alap
feketeszaju_geb;Feketeszájú géb;Neogobius melanostomus;nem_őshonos_helyi_szabály;ragadozó;False;False;False;nincs fajlagos országos adat / helyi szabály ellenőrizendő;helyi szabály szerint;helyi szabály szerint;zömök gébféle | hasúszó tapadókorong | első hátúszón sötét folt | erős fej;Folyami géb | Tarka géb | Kessler-géb;"Nem őshonos géb; első hátúszó sötét foltja segíthet.";Nagyobb folyók, kövezések.;Név/felirat nélküli, realisztikus, természetes közegű, az azonosító bélyegeket jól mutató kép szükséges.;nincs_ellenorzott_kep;v2_alap_ellenőrzött
kessler_geb;Kessler-géb;Ponticola kessleri;nem_őshonos_helyi_szabály;ragadozó;False;False;False;nincs fajlagos országos adat / helyi szabály ellenőrizendő;helyi szabály szerint;helyi szabály szerint;nagyobb gébféle | széles fej | barnás foltos mintázat | aljzaton él;Feketeszájú géb | Folyami géb | Tarka géb;"Gébféléknél fejforma és hátúszó mintázat fontos; helyi szabályt ellenőrizni kell.";Nagyobb folyók, kövezések.;Név/felirat nélküli, realisztikus, természetes közegű, az azonosító bélyegeket jól mutató kép szükséges.;nincs_ellenorzott_kep;v2_alap_ellenőrzött
nagy_marena;Nagy maréna;Coregonus lavaretus csoport;nem_őshonos_helyi_szabály;békés;False;False;False;nincs fajlagos országos adat / helyi szabály ellenőrizendő;helyi szabály szerint;helyi szabály szerint;ezüstös lazacféle jellegű test | zsírúszó | nyíltvízi életmód;Törpemaréna | Garda | Küsz;Marénafélék inkább speciális/telepített vizeken relevánsak.;Nagyobb tavak, víztározók.;Név/felirat nélküli, realisztikus, természetes közegű, az azonosító bélyegeket jól mutató kép szükséges.;nincs_ellenorzott_kep;felülvizsgálandó_helyi_szabály
pettyes_harcsa;Pettyes harcsa;Ictalurus punctatus;nem_őshonos_helyi_szabály;ragadozó;False;False;False;nincs fajlagos országos adat / helyi szabály ellenőrizendő;helyi szabály szerint;helyi szabály szerint;idegenhonos harcsaféle | villás farok | pettyezett test | bajuszszálak;Törpeharcsa | Fekete törpeharcsa | Harcsa fiatal példánya;"Nem őshonos harcsaféle; helyi/tavi szabály szerint kezelendő.";Telepített tavak, esetenként természetes vizek.;Név/felirat nélküli, realisztikus, természetes közegű, az azonosító bélyegeket jól mutató kép szükséges.;nincs_ellenorzott_kep;v2_alap_ellenőrzött
szivarvanyos_pisztrang;Szivárványos pisztráng;Oncorhynchus mykiss;nem_őshonos_helyi_szabály;ragadozó;False;False;False;nincs fajlagos országos adat / helyi szabály ellenőrizendő;helyi szabály szerint;helyi szabály szerint;zsírúszó | rózsaszínes oldalcsík | fekete pöttyök | pisztrángtest;Sebes pisztráng | Pataki pisztráng;A rózsaszínes oldalcsík elkülöníti a sebes pisztrángtól.;Telepített hidegvízi tavak, patakok.;Név/felirat nélküli, realisztikus, természetes közegű, az azonosító bélyegeket jól mutató kép szükséges.;nincs_ellenorzott_kep;v2_alap_ellenőrzött
torpemarena;Törpemaréna;Coregonus albula csoport;nem_őshonos_helyi_szabály;békés;False;False;False;nincs fajlagos országos adat / helyi szabály ellenőrizendő;helyi szabály szerint;helyi szabály szerint;ezüstös test | zsírúszó | nyíltvízi rajhal | apróbb marénaféle;Nagy maréna | Küsz | Garda;Marénafélék helyi/tavi szabály szerint kezelendők.;Nagyobb állóvizek, telepített vizek.;Név/felirat nélküli, realisztikus, természetes közegű, az azonosító bélyegeket jól mutató kép szükséges.;nincs_ellenorzott_kep;felülvizsgálandó_helyi_szabály
amurgeb;Amurgéb;Perccottus glenii;inváziós;ragadozó;False;False;True;nincs fajlagos tilalom;nincs országos méretkorlát;helyi szabály szerint;zömök gébszerű test | nagy fej | barnás foltos mintázat | kerekded úszók | lassú, növényes vizeket is tűri;Folyami géb | Tarka géb | Kessler-géb;"Az amurgéb zömökebb és állóvízi környezetben is gyakori; gébekkel való keverésnél óvatos azonosítás kell.";Növényes, sekély állóvizek, csatornák, lápjellegű vizek.;Amurgéb természetes növényes, sekély vízben, zömök foltos testtel. Ne legyen felirat.;nincs_ellenorzott_kep;v2_alap
busa;Busa fajcsoport;Hypophthalmichthys spp.;inváziós;békés;False;False;True;nincs fajlagos tilalom;helyi szabály szerint;helyi szabály szerint;nagy testű planktonszűrő hal | alacsonyan ülő szemek | ezüstös vagy pettyezett test faj szerint | nagy fej;Fehér busa | Pettyes busa;"A busák szeme nagyon alacsonyan helyezkedik el és fejük nagy; ez jellegzetes.";Nagyobb tavak, folyók, víztározók.;Busa természetes nyílt vízben, nagy fejjel és alacsonyan ülő szemmel. Ne legyen felirat.;nincs_ellenorzott_kep;v2_alap
ezustkarasz;Ezüstkárász;Carassius gibelio;inváziós;békés;False;False;True;nincs fajlagos tilalom;nincs országos méretkorlát;helyi szabály szerint;kárászszerű, de pontybajusz nélküli test | ezüstös-szürkés szín | magasabb test | hátúszó hosszú;Aranykárász / széles kárász | Ponty;"A pontynak bajusza van; az aranykárász védett/nem fogható jellegű, bronzosabb és más hátúszó-formájú lehet.";Állóvizek, csatornák, holtágak, lassú folyók.;Ezüstkárász természetes állóvízben, ezüstös kárásztesttel, bajusz nélkül. Ne legyen felirat.;nincs_ellenorzott_kep;v2_alap
fekete_torpeharcsa;Fekete törpeharcsa;Ameiurus melas;inváziós;ragadozó;False;False;True;nincs fajlagos tilalom;nincs országos méretkorlát;helyi szabály szerint;sötét törpeharcsaféle | bajuszszálak | tüskés mellúszó | zömök test;Törpeharcsa | Harcsa fiatal példánya;"Inváziós törpeharcsaféle; a harcsától kis méret és tüskés úszó különíti el.";Iszapos tavak, csatornák.;Név/felirat nélküli, realisztikus, természetes közegű, az azonosító bélyegeket jól mutató kép szükséges.;nincs_ellenorzott_kep;v2_alap_ellenőrzött
kinai_razbora;Kínai razbóra;Pseudorasbora parva;inváziós;békés;False;False;True;nincs fajlagos tilalom;nincs országos méretkorlát;helyi szabály szerint;apró, nyúlánk test | oldalán sötét hosszanti csík gyakori | kis száj | rajban élő apró idegenhonos faj;Küsz | Kurta baing | Apró küllők;"A razbórán gyakori a sötét hosszanti oldalcsík; nagyon kis termetű inváziós faj.";Állóvizek, csatornák, lassú folyások.;Kínai razbóra természetes sekély vízben, kisméretű testtel és sötét oldalcsíkkal. Ne legyen felirat.;nincs_ellenorzott_kep;v2_alap
naphal;Naphal;Lepomis gibbosus;inváziós;ragadozó;False;False;True;nincs fajlagos tilalom;nincs országos méretkorlát;helyi szabály szerint;kicsi, magas testű, lapított hal | élénk kékes-zöldes-narancsos mintázat | kopoltyúfedőn jellegzetes sötét folt narancsos szegéllyel | sügérszerű hátúszó;Sügér fiatal példánya;A naphal színesebb és kopoltyúfedő-foltja jellegzetes.;Melegebb, növényes állóvizek, csatornák.;Naphal természetes növényes vízben, élénk mintázattal és kopoltyúfedő-folttal. Ne legyen felirat.;nincs_ellenorzott_kep;v2_alap
szunyogirto_fogasponty;Szúnyogirtó fogasponty;Gambusia affinis;inváziós;békés;False;False;True;nincs fajlagos tilalom;nincs méretkorlát;helyi szabály szerint;nagyon apró elevenszülő fogasponty | felső állású száj | szürkésbarna test;Kurta baing | Kínai razbóra | Ivadékhalak;Apró inváziós faj, fajismerethez fontos.;Sekély, meleg vizek.;Név/felirat nélküli, realisztikus, természetes közegű, az azonosító bélyegeket jól mutató kép szükséges.;nincs_ellenorzott_kep;v2_alap_ellenőrzött
torpeharcsa;Törpeharcsa fajcsoport;Ameiurus spp.;inváziós;ragadozó;False;False;True;nincs fajlagos tilalom;nincs országos méretkorlát;helyi szabály szerint;kisebb zömök harcsaféle | több bajuszszál | tüskés mellúszó és hátúszó | sötétbarna-fekete vagy sárgásbarna test;Harcsa | Fekete törpeharcsa;"A törpeharcsa kisebb és tüskés úszójú; a harcsa nagyobb, hosszabb testű és más fejformájú.";Iszapos tavak, csatornák, holtágak.;Törpeharcsa iszapos aljzat felett, bajuszszálakkal és tüskés úszókkal. Ne legyen felirat.;nincs_ellenorzott_kep;v2_alap
aranykarasz;Aranykárász / széles kárász;Carassius carassius;védett_nem_horgászható;békés;True;True;False;nem fogható / védett;nem megtartható;0;magas, kárászszerű test | bronzos-aranyos szín | nincs bajusz | lekerekítettebb testforma;Ezüstkárász | Ponty;"Az ezüstkárász ezüstösebb és gyakoribb inváziós faj; a pontynak bajuszszálai vannak.";Növényes, sekély állóvizek, lápok, holtágak.;Aranykárász növényes állóvízben, bronzos magas testtel, bajusz nélkül. Ne legyen felirat.;nincs_ellenorzott_kep;v2_javított_védett_státusz
balkani_arnyekcsik;Balkáni árnyékcsík;Sabanejewia balcanica;védett_nem_horgászható;békés;True;True;False;nem fogható / védett;nem megtartható;0;apró fenéklakó csíkféle | foltos-sávos oldal | homokos-kavicsos aljzat;Vágó csík | Törpecsík | Bolgár csík;"Csíkfélék pontos azonosítása kényes; védettként visszaengedendő.";Patakok és folyók aljzata.;Név/felirat nélküli, realisztikus, természetes közegű, az azonosító bélyegeket jól mutató kép szükséges.;nincs_ellenorzott_kep;v2_alap_ellenőrzött
bolgar_csik;Bolgár csík;Sabanejewia bulgarica;védett_nem_horgászható;békés;True;True;False;nem fogható / védett;nem megtartható;0;apró csíkféle | karcsú test | foltos oldal | fenéklakó;Balkáni árnyékcsík | Vágó csík;"Védett csíkféle; bizonytalan csíkot nem szabad megtartani.";Folyók, patakok aljzata.;Név/felirat nélküli, realisztikus, természetes közegű, az azonosító bélyegeket jól mutató kép szükséges.;nincs_ellenorzott_kep;v2_alap_ellenőrzött
botos_kolonte;Botos kölönte;Cottus gobio;védett_nem_horgászható;ragadozó;True;True;False;nem fogható / védett;nem megtartható;0;nagy fejű zömök fenéklakó | széles mellúszók | köves aljzat | rejtőszín;Cifra kölönte | Kisszájú kölönte | Gébfélék;"Kölönte jellegű, védett fenéklakó hal; gébekkel keverhető.";Tiszta, köves patakok és folyók.;Név/felirat nélküli, realisztikus, természetes közegű, az azonosító bélyegeket jól mutató kép szükséges.;nincs_ellenorzott_kep;v2_alap_ellenőrzött
cifra_kolonte;Cifra kölönte;Cottus poecilopus;védett_nem_horgászható;ragadozó;True;True;False;nem fogható / védett;nem megtartható;0;zömök test | lapított nagy fej | széles mellúszó | tarka rejtőszín;Botos kölönte | Kisszájú kölönte;"Kölönteféléknél fej- és úszóarányok fontosak; védettként kezelendő.";Hideg, tiszta, köves aljzatú vizek.;Név/felirat nélküli, realisztikus, természetes közegű, az azonosító bélyegeket jól mutató kép szükséges.;nincs_ellenorzott_kep;v2_alap_ellenőrzött
dunai_ingola;Dunai ingola;Eudontomyzon mariae;védett_nem_horgászható;körszájú;True;True;False;nem fogható / védett;nem megtartható;0;angolnaszerű test | tapadókorongos száj | páros úszók hiánya;Tiszai ingola | Vak ingola | Angolna;"Körszájú, nem valódi hal jellegű forma; ingola gyanújánál visszaengedendő.";Folyók, patakok.;Név/felirat nélküli, realisztikus, természetes közegű, az azonosító bélyegeket jól mutató kép szükséges.;nincs_ellenorzott_kep;v2_alap_ellenőrzött
dunai_kullo;Dunai küllő;Romanogobio vladykovi;védett_nem_horgászható;békés;True;True;False;nem fogható / védett;nem megtartható;0;apró fenéklakó küllő | bajuszszálak | foltsor | kavicsos-homokos meder;Fenékjáró küllő | Homoki küllő | Halványfoltú küllő;"Küllőfélék között nehéz azonosítani; védett státusz miatt visszaengedendő.";Folyóvizek aljzata.;Név/felirat nélküli, realisztikus, természetes közegű, az azonosító bélyegeket jól mutató kép szükséges.;nincs_ellenorzott_kep;v2_alap_ellenőrzött
felpillanto_kullo;Felpillantó küllő;Romanogobio uranoscopus;védett_nem_horgászható;békés;True;True;False;nem fogható / védett;nem megtartható;0;apró fenéklakó küllő | bajuszszálak | jellegzetes fej/szemállás | folyóvízi aljzatlakó;Fenékjáró küllő | Homoki küllő;"Küllőfajok között szakértői bélyegek kellenek; védett.";Gyorsabb folyószakaszok aljzata.;Név/felirat nélküli, realisztikus, természetes közegű, az azonosító bélyegeket jól mutató kép szükséges.;nincs_ellenorzott_kep;v2_alap_ellenőrzött
fenekjaro_kullo;Fenékjáró küllő;Gobio gobio;védett_nem_horgászható;békés;True;True;False;nem fogható / védett;nem megtartható;0;kicsi fenéklakó pontyféle | alsó állású száj | bajuszszálak | oldalán foltsor | homokos-kavicsos aljzat;Homoki küllő | Felpillantó küllő | Kövi csík;"A küllők azonosítása nehéz; bajuszszál, foltsor és élőhely alapján kell vizsgálni.";Folyók, patakok homokos-kavicsos medre.;Fenékjáró küllő homokos-kavicsos aljzaton, bajuszszállal és oldalsó foltsorral. Ne legyen felirat.;nincs_ellenorzott_kep;v2_javított_védett_státusz
furge_cselle;Fürge cselle;Phoxinus phoxinus;védett_nem_horgászható;békés;True;True;False;nem fogható / védett;nem megtartható;0;apró karcsú hal | sötét oldalcsík/foltozás | hideg patakok | rajhal;Kínai razbóra | Kurta baing | Ivadékhalak;Pataklakó védett apróhal, nem azonos a kínai razbórával.;Hideg, tiszta patakok.;Név/felirat nélküli, realisztikus, természetes közegű, az azonosító bélyegeket jól mutató kép szükséges.;nincs_ellenorzott_kep;v2_alap_ellenőrzött
galoca;Galóca;Hucho hucho;védett_nem_horgászható;ragadozó;True;True;False;nem fogható / védett;nem megtartható;0;nagytestű lazacféle | zsírúszó | hosszú erős test | nagy ragadozó száj;Sebes pisztráng | Nagy pisztrángfélék;Fokozottan védett nagytestű lazacféle.;Hideg, gyors folyók.;Név/felirat nélküli, realisztikus, természetes közegű, az azonosító bélyegeket jól mutató kép szükséges.;nincs_ellenorzott_kep;v2_alap_ellenőrzött
gyongyos_koncer;Gyöngyös koncér;Rutilus virgo / Rutilus frisii csoport;védett_nem_horgászható;békés;True;True;False;nem fogható / védett;nem megtartható;0;koncérféle ezüstös test | pontyféle alkat | ritka folyóvízi faj;Leánykoncér | Jászkeszeg | Bodorka;"Koncérfélék azonosítása nehéz; védettként kezelendő.";Nagyobb folyók.;Név/felirat nélküli, realisztikus, természetes közegű, az azonosító bélyegeket jól mutató kép szükséges.;nincs_ellenorzott_kep;felülvizsgálandó_taxonómia
halvanyfoltu_kullo;Halványfoltú küllő;Romanogobio albipinnatus;védett_nem_horgászható;békés;True;True;False;nem fogható / védett;nem megtartható;0;fenéklakó küllő | halvány foltsor | bajuszszálak | nyúlánk test;Fenékjáró küllő | Dunai küllő | Homoki küllő;"Küllők között a foltsor és fejforma fontos; védettként kezelendő.";Folyók homokos-kavicsos aljzata.;Név/felirat nélküli, realisztikus, természetes közegű, az azonosító bélyegeket jól mutató kép szükséges.;nincs_ellenorzott_kep;v2_alap_ellenőrzött
homoki_kullo;Homoki küllő;Romanogobio kesslerii;védett_nem_horgászható;békés;True;True;False;nem fogható / védett;nem megtartható;0;küllőszerű apró fenéklakó test | homokos mederhez kötődik | bajuszszálak | nyúlánk test;Fenékjáró küllő | Halványfoltú küllő;"A küllőfajok biztos azonosítása kényes; védett faj gyanújánál visszaengedendő.";Folyók homokos mederszakaszai.;Homoki küllő homokos mederfenéken, fenéklakó testtartással. Ne legyen felirat.;nincs_ellenorzott_kep;v2_javított_védett_státusz
kecsege;Kecsege;Acipenser ruthenus;védett_nem_horgászható;békés;True;True;False;nem fogható / védett;nem megtartható;0;tokféle test | hosszú orr | alsó állású száj | bajuszszálak | csontvértek sorai a testen;Vágótok | Sőregtok | Lénai tok telepített tavakon;"A tokfélék azonosítása nehéz; csontvértek, orrforma és bajuszszálak alapján kell óvatosan kezelni.";Nagy folyók, mélyebb mederszakaszok.;Kecsege folyómeder felett, oldalnézetben, csontvértekkel, hosszú orral, bajuszszálakkal. Ne legyen felirat.;nincs_ellenorzott_kep;v2_javított_védett_státusz
kurta_baing;Kurta baing;Leucaspius delineatus;védett_nem_horgászható;békés;True;True;False;nem fogható / védett;nem megtartható;0;nagyon apró, karcsú ezüstös hal | felső állású kicsi száj | rövid oldalvonal | sekély növényes vizek;Küsz | Kínai razbóra;"A kurta baing védett apró faj; a kínai razbóra inváziós, gyakran sötét oldalcsíkos.";Sekély, növényes állóvizek.;Kurta baing sekély növényes vízben, apró ezüstös testtel, felső állású szájjal. Ne legyen felirat.;nincs_ellenorzott_kep;v2_javított_védett_státusz
kovi_csik;Kövi csík;Barbatula barbatula;védett_nem_horgászható;békés;True;True;False;nem fogható / védett;nem megtartható;0;kicsi, nyúlánk fenéklakó hal | márványozott barnás test | bajuszszálak a száj körül | pataklakó, köves aljzaton;Vágó csík | Réti csík | Küllők;"A kövi csík rövidebb, fenéklakó és márványozott; a réti csík hosszabb, iszapos vizekhez kötődő.";Tiszta, oxigéndús patakok, köves aljzat.;Kövi csík köves patakmederben, fenéklakó helyzetben, bajuszszálakkal. Ne legyen felirat.;nincs_ellenorzott_kep;v2_javított_védett_státusz
leanykoncer;Leánykoncér;Rutilus virgo;védett_nem_horgászható;békés;True;True;False;nem fogható / védett;nem megtartható;0;nyúlánk pontyféle | ezüstös oldal | narancsos úszók előfordulhatnak;Jászkeszeg | Bodorka | Gyöngyös koncér;"Védett koncérféle; jászkeszeggel és bodorkával keverhető.";Nagyobb folyók.;Név/felirat nélküli, realisztikus, természetes közegű, az azonosító bélyegeket jól mutató kép szükséges.;nincs_ellenorzott_kep;v2_alap_ellenőrzött
lapi_poc;Lápi póc;Umbra krameri;védett_nem_horgászható;ragadozó;True;True;False;nem fogható / védett;nem megtartható;0;kicsi zömök sötét hal | lápi élőhely | lekerekített úszók | rejtőzködő;Amurgéb | Naphal fiatal példánya;"Lápi póc védett, az amurgéb inváziós; élőhely és testforma fontos.";Lápos, mocsaras, növényes vizek.;Név/felirat nélküli, realisztikus, természetes közegű, az azonosító bélyegeket jól mutató kép szükséges.;nincs_ellenorzott_kep;v2_alap_ellenőrzött
magyar_buco;Magyar bucó;Zingel zingel;védett_nem_horgászható;ragadozó;True;True;False;nem fogható / védett;nem megtartható;0;fenéklakó sügérféle | nyúlánk test | két hátúszó | barnás foltos-sávos mintázat | köves-kavicsos folyómeder;Német bucó | Vágó durbincs;"A bucók fenéklakóbb, nyúlánkabb testűek; a német bucó karcsúbb és kisebb.";Nagyobb folyók köves, kavicsos aljzatán.;Magyar bucó köves folyómeder alján, fenéklakó testtartásban, sávos foltos mintával. Ne legyen felirat.;nincs_ellenorzott_kep;v2_javított_védett_státusz
nyurga_csik;Nyurga csík;Cobitis elongata;védett_nem_horgászható;békés;True;True;False;nem fogható / védett;nem megtartható;0;hosszú csíkféle | foltos oldal | homokos-iszapos aljzat;Vágó csík | Réti csík | Balkáni árnyékcsík;Csíkfélék között nehéz azonosítani, védettként kezelendő.;Folyók és patakok aljzata.;Név/felirat nélküli, realisztikus, természetes közegű, az azonosító bélyegeket jól mutató kép szükséges.;nincs_ellenorzott_kep;v2_alap_ellenőrzött
nyuldomolyko;Nyúldomolykó;Leuciscus leuciscus;védett_nem_horgászható;békés;True;True;False;nem fogható / védett;nem megtartható;0;karcsú domolykószerű test | kisebb fej | ezüstös oldal | folyóvízi rajhal;Domolykó | Jászkeszeg | Küsz;Domolykóval keverhető, de védett faj.;Tiszta áramló vizek.;Név/felirat nélküli, realisztikus, természetes közegű, az azonosító bélyegeket jól mutató kép szükséges.;nincs_ellenorzott_kep;v2_alap_ellenőrzött
nemet_buco;Német bucó;Zingel streber;védett_nem_horgászható;ragadozó;True;True;False;nem fogható / védett;nem megtartható;0;nagyon nyúlánk bucóféle | fenéklakó alkat | két hátúszó | hosszú faroknyél | foltos-sávos mintázat;Magyar bucó | Vágó durbincs;"A német bucó karcsúbb, hosszabb faroknyelű; a magyar bucó robusztusabb.";Gyorsabb folyószakaszok köves-kavicsos medre.;Német bucó kavicsos folyómederben, nagyon nyúlánk testtel és két hátúszóval. Ne legyen felirat.;nincs_ellenorzott_kep;v2_javított_védett_státusz
petenyi_marna;Petényi márna / magyar márna;Barbus meridionalis / Barbus peloponnesius csoport;védett_nem_horgászható;békés;True;True;False;nem fogható / védett;nem megtartható;0;márnához hasonló | bajuszszálak | gyors patakos élőhely | foltosabb mintázat előfordulhat;Márna | Paduc;Közönséges márnával keverhető, de védett/fokozottan védett fajként kezelendő.;Gyorsabb, tisztább vízfolyások.;Név/felirat nélküli, realisztikus, természetes közegű, az azonosító bélyegeket jól mutató kép szükséges.;nincs_ellenorzott_kep;v2_alap_ellenőrzött
penzes_per;Pénzes pér;Thymallus thymallus;védett_nem_horgászható;ragadozó;True;True;False;nem fogható / védett;nem megtartható;0;lazacféle test | nagy vitorlaszerű hátúszó | zsírúszó | hideg folyóvíz;Sebes pisztráng | Galóca fiatal példánya;"A nagy vitorlaszerű hátúszó jellegzetes; védett.";Hideg, oxigéndús folyóvizek.;Név/felirat nélküli, realisztikus, természetes közegű, az azonosító bélyegeket jól mutató kép szükséges.;nincs_ellenorzott_kep;v2_alap_ellenőrzött
reti_csik;Réti csík;Misgurnus fossilis;védett_nem_horgászható;békés;True;True;False;nem fogható / védett;nem megtartható;0;hosszú, csíkszerű test | több bajuszszál | barnás-sárgás hosszanti sávok | iszapos, növényes élőhely;Vágó csík | Kövi csík;"A réti csík hosszabb és iszapos-lápos élőhelyhez kötődik; mintázata hosszanti sávosabb.";Lápos, iszapos, növényes vizek.;Réti csík iszapos, növényes víz alján, hosszú testtel és bajuszszálakkal. Ne legyen felirat.;nincs_ellenorzott_kep;v2_javított_védett_státusz
selymes_durbincs;Selymes durbincs;Gymnocephalus schraetser;védett_nem_horgászható;ragadozó;True;True;False;nem fogható / védett;nem megtartható;0;durbincsszerű test | sárgás-barnás alapszín | hosszanti sávosabb mintázat | folyóvízi kötődés;Vágó durbincs | Széles durbincs;"A durbincsok pontos azonosítása nehéz; védett faj gyanújánál visszaengedendő.";Nagyobb folyók.;Selymes durbincs folyóvízi aljzatnál, hosszanti sávos mintázattal. Ne legyen felirat.;nincs_ellenorzott_kep;v2_javított_védett_státusz
sima_tok;Sima tok;Acipenser nudiventris;védett_nem_horgászható;békés;True;True;False;nem fogható / védett;nem megtartható;0;tokféle test | csontvértek | alsó állású száj | bajuszszálak;Kecsege | Vágótok | Sőregtok | Viza;"Tokféléknél szakértői azonosítás kell; nem megtartható.";Nagy folyók.;Név/felirat nélküli, realisztikus, természetes közegű, az azonosító bélyegeket jól mutató kép szükséges.;nincs_ellenorzott_kep;v2_alap_ellenőrzött
sujtasos_kusz;Sujtásos küsz;Alburnoides bipunctatus;védett_nem_horgászható;békés;True;True;False;nem fogható / védett;nem megtartható;0;apró küszféle | oldalán pontozott/sujtásos vonal | áramló víz;Küsz | Állas küsz | Kurta baing;"Védett küszféle; közönséges küsszel keverhető.";Tiszta, áramló vizek.;Név/felirat nélküli, realisztikus, természetes közegű, az azonosító bélyegeket jól mutató kép szükséges.;nincs_ellenorzott_kep;v2_alap_ellenőrzött
szivarvanyos_okle;Szivárványos ökle;Rhodeus amarus;védett_nem_horgászható;békés;True;True;False;nem fogható / védett;nem megtartható;0;kisméretű, oldalról lapított test | íváskor színesebb hím | kagylókhoz kötődő szaporodás | rövid, magas test;Apró keszegfélék | Kurta baing;Magasabb, lapítottabb testű apró faj, jellegzetes kagylóhoz kötődő szaporodással.;Lassú vizek, kagylókban gazdag élőhelyek.;Szivárványos ökle természetes lassú vízben, kisméretű magas testtel, kagylós élőhely közelében. Ne legyen felirat.;nincs_ellenorzott_kep;v2_javított_védett_státusz
szeles_durbincs;Széles durbincs;Gymnocephalus baloni;védett_nem_horgászható;ragadozó;True;True;False;nem fogható / védett;nem megtartható;0;durbincsszerű, oldalról lapítottabb test | barnás foltos-sávos mintázat | fenékközeli életmód;Vágó durbincs | Selymes durbincs;"A durbincs fajpár azonosítása kényes; védett fajként kezelendő, ha bizonytalan.";Folyóvizek.;Széles durbincs természetes folyóvízi aljzatnál, testarányok jól látszódjanak. Ne legyen felirat.;nincs_ellenorzott_kep;v2_javított_védett_státusz
soregtok;Sőregtok;Acipenser stellatus;védett_nem_horgászható;békés;True;True;False;nem fogható / védett;nem megtartható;0;tokféle | nagyon hosszú orr | csontvértek | bajuszszálak;Kecsege | Vágótok | Sima tok;Hosszú orr segít, de tokféléknél szakértői azonosítás szükséges.;Nagy folyók.;Név/felirat nélküli, realisztikus, természetes közegű, az azonosító bélyegeket jól mutató kép szükséges.;nincs_ellenorzott_kep;v2_alap_ellenőrzött
tarka_geb;Tarka géb;Proterorhinus semilunaris / P. marmoratus névhasználat;védett_nem_horgászható;ragadozó;True;True;False;nem fogható / védett;nem megtartható;0;apró gébféle | zömök test | csövecskés orrnyílás jellemző lehet | aljzaton él;Folyami géb | Feketeszájú géb | Kessler-géb;"Védettként szerepel; gébfélék között óvatos azonosítás kell.";Folyók, állóvizek aljzata.;Név/felirat nélküli, realisztikus, természetes közegű, az azonosító bélyegeket jól mutató kép szükséges.;nincs_ellenorzott_kep;felülvizsgálandó_taxonómia
tiszai_ingola;Tiszai ingola;Eudontomyzon danfordi;védett_nem_horgászható;körszájú;True;True;False;nem fogható / védett;nem megtartható;0;tapadókorongos száj | páros úszók hiánya | angolnaszerű test;Dunai ingola | Vak ingola;"Fokozottan védett körszájú; azonosításnál ingolaként kell óvatosan kezelni.";Tiszai vízrendszer, tiszta vízfolyások.;Név/felirat nélküli, realisztikus, természetes közegű, az azonosító bélyegeket jól mutató kép szükséges.;nincs_ellenorzott_kep;v2_alap_ellenőrzött
vak_ingola;Vak ingola;Eudontomyzon spp.;védett_nem_horgászható;körszájú;True;True;False;nem fogható / védett;nem megtartható;0;apró körszájú | tapadókorongos száj | páros úszók hiánya;Dunai ingola | Tiszai ingola;Pontos fajszint szakértői lehet, de horgászati szempontból védettként kezelendő.;Patakok és folyók.;Név/felirat nélküli, realisztikus, természetes közegű, az azonosító bélyegeket jól mutató kép szükséges.;nincs_ellenorzott_kep;felülvizsgálandó_taxonómia
viza;Viza;Huso huso;védett_nem_horgászható;ragadozó;True;True;False;nem fogható / védett;nem megtartható;0;óriási tokféle | nagy félhold alakú száj | csontvértek | vándorhal;Vágótok | Sima tok | Sőregtok | Kecsege;"Rendkívül ritka védett tokféle; minden tokféle gyanújánál visszaengedendő.";Nagy folyók.;Név/felirat nélküli, realisztikus, természetes közegű, az azonosító bélyegeket jól mutató kép szükséges.;nincs_ellenorzott_kep;v2_alap_ellenőrzött
vago_csik;Vágó csík;Cobitis elongatoides;védett_nem_horgászható;békés;True;True;False;nem fogható / védett;nem megtartható;0;apró, nyúlánk csíkféle | oldalán szabályos sötét foltsorok | homokos-iszapos aljzaton él | szem alatti tüske lehet;Réti csík | Kövi csík;A vágó csík mintázata apró foltsoros, teste rövidebb és vékonyabb, mint a réti csíké.;Homokos-iszapos aljzatú vizek.;Vágó csík homokos aljzaton, oldalnézetben, foltsorokkal. Ne legyen felirat.;nincs_ellenorzott_kep;v2_javított_védett_státusz
vago_durbincs;Vágó durbincs;Gymnocephalus cernuus;védett_nem_horgászható;ragadozó;True;True;False;nem fogható / védett;nem megtartható;0;kicsi, tömzsi sügérféle | nagy fej | tüskés hátúszó | barnás foltos test és úszók | kopoltyúfedőn tüskék;Sügér | Selymes durbincs | Széles durbincs;"A vágó durbincs kisebb és foltosabb, mint a sügér; a védett durbincsoknál óvatosság kell.";Folyók, tavak fenékközeli részei.;Vágó durbincs köves-iszapos aljzat közelében, tömzsi foltos testtel és tüskés hátúszóval. Ne legyen felirat.;nincs_ellenorzott_kep;v2_javított_védett_státusz
vago_tok;Vágótok;Acipenser gueldenstaedtii;védett_nem_horgászható;békés;True;True;False;nem fogható / védett;nem megtartható;0;tokféle test | csontvértek | alsó állású száj | bajuszszálak;Kecsege | Sima tok | Sőregtok | Viza;Tokféle gyanúja esetén nem megtartható védett fajként kezelendő.;Nagy folyók.;Név/felirat nélküli, realisztikus, természetes közegű, az azonosító bélyegeket jól mutató kép szükséges.;nincs_ellenorzott_kep;v2_alap_ellenőrzött
allas_kusz;Állas küsz;Chalcalburnus chalcoides;védett_nem_horgászható;békés;True;True;False;nem fogható / védett;nem megtartható;0;karcsú ezüstös küszféle | felső állású száj | nyíltvízi rajhal jelleg;Küsz | Kurta baing | Sujtásos küsz;"Védett küszféle; apró küszök között terepi bélyegek alapján azonosítandó.";Nagyobb folyók és állóvizek.;Név/felirat nélküli, realisztikus, természetes közegű, az azonosító bélyegeket jól mutató kép szükséges.;nincs_ellenorzott_kep;v2_alap_ellenőrzött
